Month,AOV/ATV,Persentase perubahan
Jan,37.82834688,
Feb,38.67038576,-6.64%
Mar,38.25929348,8.04%
Apr,38.20833797,-2.36%
May,38.53359417,3.88%
Jun,38.48291032,-4.44%
Jul,37.49762274,6.34%
Aug,37.08758827,-5.90%
Sep,38.63940397,-6.00%
Oct,38.89890644,-0.24%
Nov,39.28311942,9.95%
Dec,38.51258929,-8.09%